{"x/lr0":0.05765347,"best/recall":0.02144734904537631,"val/obj_loss":0.03318550065159798,"_step":1,"train/box_loss":0.09281912446022034,"x/lr1":0.00465347,"_runtime":804.142349,"best/mAP_0.5:0.95":0.001053252238656742,"Labels":{"_type":"images/separated","width":2000,"height":2000,"format":"jpg","count":2,"filenames":["media/images/Labels_0_eb524923064e28e2b26a.jpg","media/images/Labels_0_5e9255618204d3398dee.jpg"],"captions":["labels_correlogram.jpg","labels.jpg"]},"_timestamp":1.744856178065165e+09,"val/box_loss":0.07426052540540695,"x/lr2":0.00465347,"metrics/recall":0.02144734904537631,"best/precision":0.03793093576415253,"train/cls_loss":0.012726734392344952,"metrics/mAP_0.5":0.006517242110285219,"metrics/mAP_0.5:0.95":0.001053252238656742,"best/epoch":1,"best/mAP_0.5":0.006517242110285219,"Mosaics":{"format":"jpg","count":3,"filenames":["media/images/Mosaics_0_742428438d91470cfe26.jpg","media/images/Mosaics_0_36670ef49f33d7697bff.jpg","media/images/Mosaics_0_f41a94e985be61a1183c.jpg"],"captions":["train_batch0.jpg","train_batch1.jpg","train_batch2.jpg"],"_type":"images/separated","width":1920,"height":1920},"metrics/precision":0.03793093576415253,"train/obj_loss":0.09875547885894775,"_wandb":{"runtime":947},"val/cls_loss":0.014973390847444534}